tconst,titleType,primaryTitle,originalTitle,startYear,genres,averageRating,numVotes,relevancia,descrption,img_link
tt0111161,movie,The Shawshank Redemption,The Shawshank Redemption,1994,Drama,9.3,2774751,25805184.3,"Dois homens presos se reúnem ao longo de vários anos, encontrando consolo e eventual redenção através de atos de decência comum.","https://m.media-amazon.com/images/M/MV5BNjQ2NDA3MDcxMF5BMl5BanBnXkFtZTgwMjE5NTU0NzE@._V1_QL75_UX500_CR0,47,500,281_.jpg"
tt0468569,movie,The Dark Knight,The Dark Knight,2008,"Action,Crime,Drama",9.0,2750724,24756516.0,"Quando a ameaça conhecida como O Coringa surge de seu passado, causa estragos e caos nas pessoas de Gotham. O Cavaleiro das Trevas deve aceitar um dos maiores testes para combater a injustiç... Ler tudo","https://m.media-amazon.com/images/M/MV5BNWJkYWJlOWMtY2ZhZi00YWM0LTliZDktYmRiMGYwNzczMTZhXkEyXkFqcGdeQXVyNzU1NzE3NTg@._V1_QL75_UX500_CR0,47,500,281_.jpg"
tt1375666,movie,Inception,Inception,2010,"Action,Adventure,Sci-Fi",8.8,2441512,21485305.6,Um ladrão que rouba segredos corporativos através da tecnologia de entrar no subconsciente recebe a tarefa inversa de plantar uma idéia na mente do diretor de uma grande empresa.,"https://m.media-amazon.com/images/M/MV5BMTQ1ZmIzOTAtNDcwZi00NDVkLWE4NWItYWNhZGY1MmVlZGU0XkEyXkFqcGdeQWRvb2xpbmhk._V1_QL75_UY281_CR0,0,500,281_.jpg"
tt0137523,movie,Fight Club,Fight Club,1999,Drama,8.8,2210376,19451308.8,Um trabalhador de escritório e um fabricante de sabonetes formam um clube de luta clandestino que evolui para algo muito maior.,"https://m.media-amazon.com/images/M/MV5BMTNmYzllNWYtYzU1Yi00YWFmLTgwMzMtZmY4OGE3NzExNzEzXkEyXkFqcGdeQXVyNzU1NzE3NTg@._V1_QL75_UX500_CR0,47,500,281_.jpg"
tt0109830,movie,Forrest Gump,Forrest Gump,1994,"Drama,Romance",8.8,2157949,18989951.200000003,"Os governos dos presidentes Kennedy e Johnson, os eventos do Vietnã e Watergate e outras histórias são mostradas através da perspectiva de um homem do Alabama com baixo quociente intelectual... Ler tudo","https://m.media-amazon.com/images/M/MV5BYzQyMWQ1ODMtZGE2OS00YzQyLWE2OWYtZmU5OGFiMWMwYmIyXkEyXkFqcGdeQXVyNzU1NzE3NTg@._V1_QL75_UX500_CR0,47,500,281_.jpg"
tt0110912,movie,Pulp Fiction,Pulp Fiction,1994,"Crime,Drama",8.9,2129380,18951482.0,"As vidas de dois assassinos da máfia, um boxeador, um gângster e sua esposa, e um par de bandidos se entrelaçam em quatro histórias de violência e redenção.","https://m.media-amazon.com/images/M/MV5BMjI5MzgxMTQ4M15BMl5BanBnXkFtZTgwNjczMTk0NzE@._V1_QL75_UX500_CR0,0,500,281_.jpg"
tt0068646,movie,The Godfather,The Godfather,1972,"Crime,Drama",9.2,1931618,17770885.599999998,O patriarca idoso de uma dinastia do crime organizado transfere o controle de seu império clandestino para seu filho relutante.,"https://m.media-amazon.com/images/M/MV5BYWNlN2U4YjQtMzI3NC00ZjkxLWEwMTItYWRlNDUxYTYwYjVlXkEyXkFqcGdeQWpvaG5oYXJ0._V1_QL75_UX500_CR0,0,500,281_.jpg"
tt0133093,movie,The Matrix,The Matrix,1999,"Action,Sci-Fi",8.7,1975041,17182856.7,Um hacker aprende com os misteriosos rebeldes sobre a verdadeira natureza de sua realidade e seu papel na guerra contra seus controladores.,"https://m.media-amazon.com/images/M/MV5BNDQ4NTRmN2ItYjgzMS00MzY3LWEwNmYtYmE2ODllZDdhNGI1XkEyXkFqcGdeQXdvbmtpbQ@@._V1_QL75_UY281_CR20,0,500,281_.jpg"
tt0167260,movie,The Lord of the Rings: The Return of the King,The Lord of the Rings: The Return of the King,2003,"Action,Adventure,Drama",9.0,1902808,17125272.0,Gandalf e Aragorn lideram o Mundo dos Homens contra o exército de Sauron para desviar o olhar de Frodo e Sam quando eles se aproximam á Montanha da Perdição com o Um Anel.,"https://m.media-amazon.com/images/M/MV5BNDRmNjQxOWItNTY3MS00M2ExLWJiYWYtNGQ2OTI5MWRkYWFlXkEyXkFqcGdeQWxiaWFtb250._V1_QL75_UX500_CR0,0,500,281_.jpg"
tt0120737,movie,The Lord of the Rings: The Fellowship of the Ring,The Lord of the Rings: The Fellowship of the Ring,2001,"Action,Adventure,Drama",8.8,1931074,16993451.200000003,Um manso hobbit do Condado e oito companheiros partem em uma jornada para destruir o poderoso Um Anel e salvar a Terra-média das Trevas.,"https://m.media-amazon.com/images/M/MV5BMzQ2YjI2YzgtZmNmMy00ZjUyLWE0NGItY2Y3NjUzZWM4NmM3XkEyXkFqcGdeQWxiaWFtb250._V1_QL75_UX500_CR0,0,500,281_.jpg"
tt0816692,movie,Interstellar,Interstellar,2014,"Adventure,Drama,Sci-Fi",8.7,1951436,16977493.2,"Uma equipe de exploradores viaja através de um buraco de minhoca no espaço, na tentativa de garantir a sobrevivência da humanidade.","https://m.media-amazon.com/images/M/MV5BNjM5OTQzMTg4N15BMl5BanBnXkFtZTgwOTgyMjM0NTE@._V1_QL75_UX500_CR0,46,500,281_.jpg"
tt0167261,movie,The Lord of the Rings: The Two Towers,The Lord of the Rings: The Two Towers,2002,"Action,Adventure,Drama",8.8,1717084,15110339.2,"Enquanto Frodo e Sam estão perto de Mordor com a ajuda de Gollum, a divida comunhão luta contra Saruman e os Isengards.","https://m.media-amazon.com/images/M/MV5BNTQ4OGQyNzktMjA1NS00MmQ1LWJjYTUtOGI4ZDNhNTA2NDBlXkEyXkFqcGdeQWxiaWFtb250._V1_QL75_UX500_CR0,0,500,281_.jpg"
tt1345836,movie,The Dark Knight Rises,The Dark Knight Rises,2012,"Action,Drama,Thriller",8.4,1759585,14780514.0,"Oito anos depois da anarquia do Coringa, Batman com ajuda da Mulher Gato, tentam salvar Gotham do terrorista Bane.","https://m.media-amazon.com/images/M/MV5BMGIwYmIwNWYtNzkxZC00YTdmLWI2NmMtYzA0ODZkNTNlZWMwXkEyXkFqcGdeQWFuaW5vc2M@._V1_QL75_UX500_CR0,0,500,281_.jpg"
tt0114369,movie,Se7en,Se7en,1995,"Crime,Drama,Mystery",8.6,1716367,14760756.2,"Dois detetives, um novato e um veterano, perseguem um assassino em série que usa os sete pecados capitais como motivos.","https://m.media-amazon.com/images/M/MV5BZmMxNmJiYzctNGRkZC00YzcxLTgyNjMtMmIxZWVlNDA4ZWRjXkEyXkFqcGdeQXRodW1ibmFpbC1pbml0aWFsaXplcg@@._V1_QL75_UX500_CR0,0,500,281_.jpg"
tt1853728,movie,Django Unchained,Django Unchained,2012,"Drama,Western",8.4,1618068,13591771.2,"Com a ajuda de um caçador de recompensas alemão, um escravo libertado sai para resgatar sua esposa de um brutal dono de uma plantação no Mississipi.","https://m.media-amazon.com/images/M/MV5BNzU5NzM4OTQxNV5BMl5BanBnXkFtZTgwOTQ5NjU0NzE@._V1_QL75_UX500_CR0,47,500,281_.jpg"
tt0172495,movie,Gladiator,Gladiator,2000,"Action,Adventure,Drama",8.5,1549329,13169296.5,Um general romano planeja a melhor vingança contra o imperador corrupto que matou sua familia e o fez escravo.,"https://m.media-amazon.com/images/M/MV5BMTU1NTQ0OTkyNF5BMl5BanBnXkFtZTgwMTQzMjIwMDI@._V1_QL75_UX500_CR0,0,500,281_.jpg"
tt0102926,movie,The Silence of the Lambs,The Silence of the Lambs,1991,"Crime,Drama,Thriller",8.6,1480650,12733590.0,"Uma jovem deve receber a ajuda de um assassino canibal manipulador e preso para ajudar a capturar outro assassino em série, um louco que ataca suas vítimas.","https://m.media-amazon.com/images/M/MV5BN2ZiYzIyMWQtNDUyNy00YmExLWIwNmMtN2FhNzFiODgyYmU4XkEyXkFqcGdeQXRodW1ibmFpbC1pbml0aWFsaXplcg@@._V1_QL75_UY281_CR10,0,500,281_.jpg"
tt0108052,movie,Schindler's List,Schindler's List,1993,"Biography,Drama,History",9.0,1396809,12571281.0,"Na Polônia ocupada pelos alemães durante a Segunda Guerra Mundial, o industrial Oskar Schindler começa a ser preocupar com seus trabalhadores judeus depois de testemunhar sua perseguição pel... Ler tudo","https://m.media-amazon.com/images/M/MV5BOTIxMTUzMmUtODU2MS00MDhjLTlmMGQtMzNhZTFhOTI5ZjE5XkEyXkFqcGdeQXRoaXJkLXBhcnR5LXZpZGVvLXVwZGF0ZXI@._V1_QL75_UX500_CR0,47,500,281_.jpg"
tt0361748,movie,Inglourious Basterds,Inglourious Basterds,2009,"Adventure,Drama,War",8.3,1508735,12522500.500000002,"Na França ocupada pelos nazistas durante a Segunda Guerra Mundial, um plano para assassinar líderes nazistas por parte de um grupo de soldados judeus dos EUA coincide com os planos de vingan... Ler tudo","https://m.media-amazon.com/images/M/MV5BMzA4ZTZmMzItNmMyNS00MTk2LTg3MTgtNjYzZDBmMWJjYjMzXkEyXkFqcGdeQXRyYW5zY29kZS13b3JrZmxvdw@@._V1_QL75_UX500_CR0,0,500,281_.jpg"
tt0372784,movie,Batman Begins,Batman Begins,2005,"Action,Crime,Drama",8.2,1519441,12459416.2,"Depois do treinamento, Batman comença a luta contra o crime e corrupçao en Gotham.","https://m.media-amazon.com/images/M/MV5BYzJhYTcxYzgtOTI3My00ZTI1LWI3NzAtZTljMTFjM2ViOGYzXkEyXkFqcGdeQWFuaW5vc2M@._V1_QL75_UX500_CR0,0,500,281_.jpg"
tt0120815,movie,Saving Private Ryan,Saving Private Ryan,1998,"Drama,War",8.6,1437213,12360031.8,"Depois de chegar a Normandía, um grupo de soldados precisam encontrar ao unico irmão vivo de tres que morreram na guerra.","https://m.media-amazon.com/images/M/MV5BZjExYjU4OTAtMWM3NS00YzJkLWIzYjQtNTUxMWE5ZWY3MmVkXkEyXkFqcGdeQXVyNzU1NzE3NTg@._V1_QL75_UX500_CR0,47,500,281_.jpg"
tt0993846,movie,The Wolf of Wall Street,The Wolf of Wall Street,2013,"Biography,Comedy,Crime",8.2,1484957,12176647.4,"Baseada na verdadeira história de Jordan Belfort, desde sua ascensão como corretor de valores até a sua queda e envolvimento no crime e corrupção com o governo.","https://m.media-amazon.com/images/M/MV5BMjE1OTQ5NTA4NV5BMl5BanBnXkFtZTgwODI5NTI1MDE@._V1_QL75_UX500_CR0,47,500,281_.jpg"
tt0076759,movie,Star Wars: Episode IV - A New Hope,Star Wars,1977,"Action,Adventure,Fantasy",8.6,1404515,12078829.0,"Luke Skywalker une forças com um cabaleiro Jedi, um arrogante piloto é dois dróides para salvar a galaxia enquanto tentam salvar a princesa Leia do misterioso Darth Vader.","https://m.media-amazon.com/images/M/MV5BMTUzNDY0NjY4Nl5BMl5BanBnXkFtZTgwNjY4MTQ0NzE@._V1_QL75_UX500_CR0,47,500,281_.jpg"
tt0071562,movie,The Godfather Part II,The Godfather Part II,1974,"Crime,Drama",9.0,1313499,11821491.0,"Em 1950, Michael Corleone, agora à frente da família, tenta expandir o negócio do crime a Las Vegas, Los Angeles e Cuba. Paralelamente, é revelada a história de Vito Corleone, e de como saiu... Ler tudo","https://m.media-amazon.com/images/M/MV5BNWE4YzY4OGMtZDM5YS00YWVkLTgwMDktNzVmOGU3NjEwMjNlXkEyXkFqcGdeQXVyNzU1NzE3NTg@._V1_QL75_UX500_CR0,47,500,281_.jpg"
tt0482571,movie,The Prestige,The Prestige,2006,"Drama,Mystery,Sci-Fi",8.5,1380256,11732176.0,"Depois de um trágico acidente, dois magos do palco se engajam em uma batalha para criar a ilusão final enquanto sacrificam tudo o que têm para enganar um ao outro.","https://m.media-amazon.com/images/M/MV5BMDIwYWJlODQtNTRkNy00YWZjLWI0M2ItMzU5MmVhNzY3OGJhXkEyXkFqcGdeQWpvaG5oYXJ0._V1_QL75_UY281_CR81,0,500,281_.jpg"
tt0407887,movie,The Departed,The Departed,2006,"Crime,Drama,Thriller",8.5,1368758,11634443.0,Um policial disfarçado e um espião estão tentando se identificar enquanto se infiltram em uma gangue irlandesa no sul de Boston.,"https://m.media-amazon.com/images/M/MV5BYzgwYWQ4NWItZjc3MC00Y2YyLWI2ZDgtMWE3ZjQxZDA2NzMyXkEyXkFqcGdeQXVyNzU1NzE3NTg@._V1_QL75_UX500_CR0,47,500,281_.jpg"
tt0120689,movie,The Green Mile,The Green Mile,1999,"Crime,Drama,Fantasy",8.6,1348766,11599387.6,"As vidas dos guardas de corredor da morte são afetadas por um dos detidos: um homem afro-americano acusado pelo assassinato e estupro de uma criança, mas com um presente misterioso.","https://m.media-amazon.com/images/M/MV5BODU4NmYyMzEtNzkwNy00NmFlLTk3YWItM2I5NDk3YTUyODFhXkEyXkFqcGdeQXVyNzU1NzE3NTg@._V1_QL75_UX500_CR0,47,500,281_.jpg"
tt0080684,movie,Star Wars: Episode V - The Empire Strikes Back,Star Wars: Episode V - The Empire Strikes Back,1980,"Action,Adventure,Fantasy",8.7,1332410,11591966.999999998,"Os rebeldes derrotaram o Império no planeta congelado Hoth. Luke Skywalker começa a treinar como um Jedi com Yoda, enquanto seus amigos são perseguidos por Darth Vader.","https://m.media-amazon.com/images/M/MV5BZGQzN2E0YmYtYzgxNS00NWM4LWFkY2ItZjBiNzgyZTM3ZmFmXkEyXkFqcGdeQWpvaG5oYXJ0._V1_QL75_UX500_CR0,0,500,281_.jpg"
tt7286456,movie,Joker,Joker,2019,"Crime,Drama,Thriller",8.4,1378453,11579005.2,Um comediante falido enlouquece e se torna um assassino psicopata.,"https://m.media-amazon.com/images/M/MV5BOTU0ZGVmY2MtMTM1OS00YmNlLWE1NGUtMGYyMjI1MjY1NWUzXkEyXkFqcGdeQWFybm8@._V1_QL75_UX500_CR0,1,500,281_.jpg"
tt0848228,movie,The Avengers,The Avengers,2012,"Action,Sci-Fi",8.0,1425225,11401800.0,Os heróis mais poderosos da Terra devem se unir e aprender a lutar como uma equipe para impedir que um exército alienígena escravize a humanidade.,"https://m.media-amazon.com/images/M/MV5BMTcwNTg1Nzg2MF5BMl5BanBnXkFtZTcwNDEwOTUwOA@@._V1_QL75_UX500_CR0,47,500,281_.jpg"
tt1130884,movie,Shutter Island,Shutter Island,2010,"Mystery,Thriller",8.2,1379017,11307939.4,"Em 1945, um policial federal dos Estados Unidos investiga o desaparecimento de um assassino que escapou de um hospital psiquiátrico.","https://m.media-amazon.com/images/M/MV5BMjAzMTg4NTU2N15BMl5BanBnXkFtZTgwNjEwOTYzMzE@._V1_QL75_UY281_CR81,0,500,281_.jpg"
tt0209144,movie,Memento,Memento,2000,"Mystery,Thriller",8.4,1275487,10714090.8,Um homem com perda da memória de curto prazo tenta investigar o homicídio da sua esposa.,"https://m.media-amazon.com/images/M/MV5BODhmZDI0MWEtNWIzOS00YjBjLWE0YjgtYzdlOTY4MGQ0N2VlXkEyXkFqcGdeQTNwaW5nZXN0._V1_QL75_UX500_CR0,47,500,281_.jpg"
tt0499549,movie,Avatar,Avatar,2009,"Action,Adventure,Fantasy",7.9,1355046,10704863.4,Um militar paraplégico despachado para a lua Pandora em uma missão única fica dividido entre seguir suas ordens e proteger o mundo que ele sente ser sua casa.,"https://m.media-amazon.com/images/M/MV5BMjM2OTkyNTY3N15BMl5BanBnXkFtZTgwNzgzNDc2NjE@._V1_QL75_UY281_CR86,0,500,281_.jpg"
tt0088763,movie,Back to the Future,Back to the Future,1985,"Adventure,Comedy,Sci-Fi",8.5,1252436,10645706.0,"Marty McFly viaja para 1955 com a máquina do tempo do cientista Dr. Brown. Ele deve garantir que seus pais se apaixonem, para não arriscar sua própria existência.","https://m.media-amazon.com/images/M/MV5BYTE2MTY1MjktZTFmMS00MjI1LWFjYzUtNTVlZDVkZDNhMWEyXkEyXkFqcGdeQXVyNzU1NzE3NTg@._V1_QL75_UX500_CR0,47,500,281_.jpg"
tt0099685,movie,Goodfellas,GoodFellas,1990,"Biography,Crime,Drama",8.7,1203938,10474260.6,"A historia do Henry Hill e sua vida na máfia, sua relação com sua esposa Karen Hill e seus colegas da máfia Jimmy Conway e Tommy DeVito no sindicato italo-americano do crime.","https://m.media-amazon.com/images/M/MV5BZWMyMjYwY2QtMDMxMC00ZmY3LTgwZGMtYzc3ZTgyZjQ4NDMwXkEyXkFqcGdeQUlNRGJWaWRlb1RodW1ibmFpbFNlcnZpY2U@._V1_QL75_UX500_CR0,0,500,281_.jpg"
tt0110413,movie,Léon: The Professional,Léon,1994,"Action,Crime,Drama",8.5,1199907,10199209.5,"Mathilda, uma menina de 12 anos é levada por Léon, um assassino profissional, depois que sua família é assassinada. Léon e Mathilda formam uma relação incomum, desde que ela se torna sua pro... Ler tudo","https://m.media-amazon.com/images/M/MV5BZjlkOWI0YzUtYmI1OS00M2ZkLTgwYjAtNjc3MzhjMGY3ODQ5XkEyXkFqcGdeQXVyNzU1NzE3NTg@._V1_QL75_UX500_CR0,59,500,281_.jpg"
tt4154796,movie,Avengers: Endgame,Avengers: Endgame,2019,"Action,Adventure,Drama",8.4,1199101,10072448.4,"Após os eventos devastadores de Vingadores: Guerra Infinita , o universo está em ruínas, e com a ajuda de aliados os Vingadores se reúnem para desfazer as ações de Thanos e restaurar a ordem... Ler tudo","https://m.media-amazon.com/images/M/MV5BOThlNjdhZmQtNzlkOS00M2VjLWI0ZjUtZDExZDI1MjRhZGFkXkEyXkFqcGdeQW1yb3NzZXI@._V1_QL75_UX500_CR0,0,500,281_.jpg"
tt2015381,movie,Guardians of the Galaxy,Guardians of the Galaxy,2014,"Action,Adventure,Comedy",8.0,1232417,9859336.0,Um grupo de criminosos intergalácticos deve se unir para impedir que um guerreiro fanático com planos de destruir o universo.,"https://m.media-amazon.com/images/M/MV5BMTYyNzMzNTkxNF5BMl5BanBnXkFtZTgwMTU5Mzc2NjE@._V1_QL75_UY281_CR87,0,500,281_.jpg"
tt0169547,movie,American Beauty,American Beauty,1999,Drama,8.3,1179922,9793352.6,Um pai sexualmente frustrado tem uma crise existencial depois de conhecer a melhor amiga da sua filha.,"https://m.media-amazon.com/images/M/MV5BMTU5NDcyNTgzNl5BMl5BanBnXkFtZTgwNTMwNzU0NzE@._V1_QL75_UX500_CR0,47,500,281_.jpg"
tt0120586,movie,American History X,American History X,1998,"Crime,Drama",8.5,1151040,9783840.0,Um neonazista tenta evitar que seu irmão mais novo tome o mesmo caminho errado que ele.,"https://m.media-amazon.com/images/M/MV5BNmU3MDg5YWItMGMwYi00NGVmLWJhNGQtZmJhNDczMTZkYmM3XkEyXkFqcGdeQXVyNzU1NzE3NTg@._V1_QL75_UX500_CR0,47,500,281_.jpg"
tt0120338,movie,Titanic,Titanic,1997,"Drama,Romance",7.9,1237336,9774954.4,Uma aristocrata de dezessete anos se apaixona por um artista gentil mas pobre a bordo do luxuoso e desafortunado Titanic.,"https://m.media-amazon.com/images/M/MV5BYzExZDkwNzYtYmI0Mi00OThhLWFhNmMtZTZjYWU2MTdkMDAzXkEyXkFqcGdeQWRpZWdtb25n._V1_QL75_UX500_CR0,0,500,281_.jpg"
tt0103064,movie,Terminator 2: Judgment Day,Terminator 2: Judgment Day,1991,"Action,Sci-Fi",8.6,1133297,9746354.2,"Um ciborgue, idêntico àquele que não conseguiu matar Sarah Connor, deve agora proteger seu filho adolescente, John Connor, de um ciborgue mais avançado e poderoso.","https://m.media-amazon.com/images/M/MV5BMjI0OTJlNTQtMzYyZi00MTBkLWEyMzItNWQwYWFhOWU1NDczXkEyXkFqcGdeQXVyMTkxNjUyNQ@@._V1_QL75_UX500_CR0,0,500,281_.jpg"
tt0910970,movie,WALL·E,WALL·E,2008,"Adventure,Animation,Family",8.4,1154606,9698690.4,"Num futuro distante, um pequeno robô faz uma viagem que decidirá o destino da humanidade.","https://m.media-amazon.com/images/M/MV5BMTc2Njc2MTYyN15BMl5BanBnXkFtZTgwMzcwNTczMzE@._V1_QL75_UY281_CR102,0,500,281_.jpg"
tt4154756,movie,Avengers: Infinity War,Avengers: Infinity War,2018,"Action,Adventure,Sci-Fi",8.4,1141083,9585097.2,Os Vingadores e seus aliados deverão sacrificar tudo em uma tentativa de derrotar o poderoso Thanos antes que sua explosão de devastação ponha fim ao universo.,"https://m.media-amazon.com/images/M/MV5BYjJiZTcxYzEtODFlZi00M2UzLTg5NTgtYWMxMGNkMWJiNmRjXkEyXkFqcGdeQXBrZWVzZXk@._V1_QL75_UY281_CR91,0,500,281_.jpg"
tt0114814,movie,The Usual Suspects,The Usual Suspects,1995,"Crime,Drama,Mystery",8.5,1111909,9451226.5,"O único sobrevivente conta os torcidos eventos duma luta com pistolas num bote, quanfo cinco criminais eram levados pela polícia.","https://m.media-amazon.com/images/M/MV5BYmI2NTk3ODQtYWFiNC00NDgxLTkxY2UtYTNhNTI3YTNkNzdmXkEyXkFqcGdeQXVyNzU1NzE3NTg@._V1_QL75_UX500_CR0,47,500,281_.jpg"
tt0325980,movie,Pirates of the Caribbean: The Curse of the Black Pearl,Pirates of the Caribbean: The Curse of the Black Pearl,2003,"Action,Adventure,Fantasy",8.1,1164590,9433179.0,"O ferreiro Will Turner se junta ao capitão Jack Sparrow para salvar seu amor, a filha do governador, dos ex-aliados piratas de Jack, que agora estão vivos.","https://m.media-amazon.com/images/M/MV5BN2RjMmU2MGQtMDMzZC00ZGE5LTlkOWMtMGJiNTAyNTljOTY4XkEyXkFqcGdeQXVyNzU1NzE3NTg@._V1_QL75_UX500_CR0,47,500,281_.jpg"
tt0266697,movie,Kill Bill: Vol. 1,Kill Bill: Vol. 1,2003,"Action,Crime,Thriller",8.2,1149801,9428368.2,"Depois de despertar de um coma de quatro anos, uma antiga assassina busca vingança contra o grupo de assassinos que a traiu.","https://m.media-amazon.com/images/M/MV5BNDFjYTYwNmMtY2YwMi00YmVhLTlhOTItMWE1MmQ2N2MyMDgwXkEyXkFqcGdeQXVyNzU1NzE3NTg@._V1_QL75_UX500_CR0,47,500,281_.jpg"
tt0434409,movie,V for Vendetta,V for Vendetta,2005,"Action,Drama,Sci-Fi",8.2,1147589,9410229.8,"Em um futuro da tirania britânica, um lutador clandestino conhecido como V trama um plano para derrubá-la com a ajuda de uma jovem mulher.","https://m.media-amazon.com/images/M/MV5BZWVkNmQ2ZjktZTU1My00ZTIyLWIzMTctZmEzNjQ0NTM5YzM2XkEyXkFqcGdeQXVyNzU1NzE3NTg@._V1_QL75_UX500_CR0,47,500,281_.jpg"
tt0110357,movie,The Lion King,The Lion King,1994,"Adventure,Animation,Drama",8.5,1096322,9318737.0,Um pequeno lion é obrigado por seu tío a fugir de casa e anos depois se da conta da sua identidade e suas responsabilidades.,"https://m.media-amazon.com/images/M/MV5BMTU1MzkwNDI5OV5BMl5BanBnXkFtZTgwODU2MTkwMDI@._V1_QL75_UX500_CR0,0,500,281_.jpg"
tt0120382,movie,The Truman Show,The Truman Show,1998,"Comedy,Drama",8.2,1131796,9280727.2,Um vendedor de seguros descobre que sua vida é um programa de televisão.,"https://m.media-amazon.com/images/M/MV5BNjc5MGY5MTctNDE3OS00OWQ4LWFhYWQtNDc0NTBmYjFiNDM3XkEyXkFqcGdeQXVyNzU1NzE3NTg@._V1_QL75_UX500_CR0,47,500,281_.jpg"
tt0073486,movie,One Flew Over the Cuckoo's Nest,One Flew Over the Cuckoo's Nest,1975,Drama,8.7,1036454,9017149.8,"Um criminoso alega insanidade para ser enviado a um centro de saúde mental, onde se rebela contra a opressiva enfermeira e mobiliza os pacientes a quem ela atemoriza.","https://m.media-amazon.com/images/M/MV5BNzcyYTlhYzgtOWY4Yi00NjZmLThhY2YtYWJjNjk2ODcyOWM2XkEyXkFqcGdeQXVyMjM4OTI2MTU@._V1_QL75_UX500_CR0,0,500,281_.jpg"
tt0086190,movie,Star Wars: Episode VI - Return of the Jedi,Star Wars: Episode VI - Return of the Jedi,1983,"Action,Adventure,Fantasy",8.3,1086176,9015260.8,"Depois de uma missão ousada para resgatar Han Solo da cabana de Jabba, os rebeldes partem para fazer Endor destruir a mais poderosa Estrela da Morte. Enquanto isso, Luke tenta trazer Darth V... Ler tudo","https://m.media-amazon.com/images/M/MV5BZDc5NzNlOWMtNGZkNi00NzViLTliMDItZWVmZTJjZWU3YWE3XkEyXkFqcGdeQTNwaW5nZXN0._V1_QL75_UX500_CR0,0,500,281_.jpg"
tt1049413,movie,Up,Up,2009,"Adventure,Animation,Comedy",8.3,1080964,8972001.200000001,"Carl Fredricksen, de 78 anos, viaja a Paraside Falls com sua casa e inadvertidamente leva um menino com ele.","https://m.media-amazon.com/images/M/MV5BMjE4NTQ0MTM3M15BMl5BanBnXkFtZTgwMDY1NDgyMzE@._V1_QL75_UY281_CR17,0,500,281_.jpg"
tt0081505,movie,The Shining,The Shining,1980,"Drama,Horror",8.4,1059641,8900984.4,"Uma família se dirige a um hotel isolado para o inverno, onde uma presença sinistra influencia a violência do pai, enquanto seu filho psíquico vê presságios horríveis do passado e do futuro.","https://m.media-amazon.com/images/M/MV5BN2NmM2ZlMmMtN2Q0MS00N2FkLWE4NzUtMzljNTIyNGJjNmE0XkEyXkFqcGdeQTNwaW5nZXN0._V1_QL75_UX500_CR0,0,500,281_.jpg"
tt0266543,movie,Finding Nemo,Finding Nemo,2003,"Adventure,Animation,Comedy",8.2,1075781,8821404.2,"Quando seu filho é capturado, um peixe-palhaço tímido embarca em uma viagem para trazê-lo para casa.","https://m.media-amazon.com/images/M/MV5BMjMwMDYxNTUyMl5BMl5BanBnXkFtZTcwNTIwMjQ4Nw@@._V1_QL75_UX500_CR0,47,500,281_.jpg"
tt0112573,movie,Braveheart,Braveheart,1995,"Biography,Drama,History",8.3,1062239,8816583.700000001,"Quando sua noiva en segredo é assassinada, William Wallace comença uma revolta contra o rey Eduardo I da Inglaterra.","https://m.media-amazon.com/images/M/MV5BZmIyZmUwMjgtMjU4OC00MDgxLWIxZWEtODM4NjcwZTJjYTVkXkEyXkFqcGdeQXRodW1ibmFpbC1pbml0aWFsaXplcg@@._V1_QL75_UX500_CR0,0,500,281_.jpg"
tt0105236,movie,Reservoir Dogs,Reservoir Dogs,1992,"Crime,Thriller",8.3,1051482,8727300.600000001,"Quando um simples roubo de jóias dá errado, os criminosos sobreviventes começam a suspeitar que um deles é um informante da polícia.","https://m.media-amazon.com/images/M/MV5BMjQxMDNkYTEtNzNlYi00OTU2LTg3ODMtMjg1MDUxZmIxYTFjXkEyXkFqcGdeQXVyNzU1NzE3NTg@._V1_QL75_UX500_CR0,47,500,281_.jpg"
tt1431045,movie,Deadpool,Deadpool,2016,"Action,Comedy",8.0,1078816,8630528.0,"Depois de um experimento com ele, um mercenário de truques se torna imortal, mas feio, e pretende rastrear o homem que arruinou sua aparência.","https://m.media-amazon.com/images/M/MV5BMTU0Nzk0NzAzN15BMl5BanBnXkFtZTgwNTk1Njg5NzE@._V1_QL75_UX500_CR0,0,500,281_.jpg"
tt0338013,movie,Eternal Sunshine of the Spotless Mind,Eternal Sunshine of the Spotless Mind,2004,"Drama,Romance,Sci-Fi",8.3,1039187,8625252.100000001,"Quando sua relaçao se volta complicada, um casal tenta um procedimento médico para que suas memorias sejam apagadas.","https://m.media-amazon.com/images/M/MV5BYTA4YjQ5ZjEtMGQ4Mi00NWExLTkxMGQtNzAwYzVmNTU1ODJjXkEyXkFqcGdeQXVyNzU1NzE3NTg@._V1_QL75_UX500_CR0,47,500,281_.jpg"
tt0371746,movie,Iron Man,Iron Man,2008,"Action,Adventure,Sci-Fi",7.9,1090941,8618433.9,"Depois de ficar preso em uma caverna afegã, o engenheiro multimilionário Tony Stark cria uma armadura única para combater o mal.","https://m.media-amazon.com/images/M/MV5BZGM4ZGJiM2UtMmYyYi00Y2YzLTk5ZWEtN2ZkNzBlYTczZjQwXkEyXkFqcGdeQUlNRGJWaWRlb1RodW1ibmFpbFNlcnZpY2U@._V1_QL75_UY281_CR81,0,500,281_.jpg"
tt0114709,movie,Toy Story,Toy Story,1995,"Adventure,Animation,Comedy",8.3,1028716,8538342.8,Um brinquedo do cauboi se sente profundamente ameaçado e celoso quando um brinquedo patrulheiro espacial passa a ter mais atençao do garoto.,"https://m.media-amazon.com/images/M/MV5BMjAwOTYzODExMF5BMl5BanBnXkFtZTcwNDYyNjc4Mg@@._V1_QL75_UX500_CR0,47,500,281_.jpg"
tt0082971,movie,Raiders of the Lost Ark,Raiders of the Lost Ark,1981,"Action,Adventure",8.4,1005984,8450265.6,"Em 1936 o archeologista e aventurero Indiana Jones é contratado pelo governo dos Estados Unidos para procurar pelo Pacto da Arca, antes que os nazis o tenham primeiro.","https://m.media-amazon.com/images/M/MV5BOGFhNTAyYjMtNGJlNi00NWFmLTllNTgtYzdhZjE5NmU4MTQ4XkEyXkFqcGdeQXJoYW5uYWg@._V1_QL75_UX500_CR0,0,500,281_.jpg"
tt1392190,movie,Mad Max: Fury Road,Mad Max: Fury Road,2015,"Action,Adventure,Sci-Fi",8.1,1039614,8420873.4,"Num mundo apocalíptico, uma mulher se rebela contra um tirano ao procurar uma nova casa para um grupo de mulheres prisioneiras com a ajuda dum homem chamado Max.","https://m.media-amazon.com/images/M/MV5BMTU4MzkxNTU0OF5BMl5BanBnXkFtZTgwNzQzMTc1NTE@._V1_QL75_UX500_CR0,0,500,281_.jpg"
tt0119217,movie,Good Will Hunting,Good Will Hunting,1997,"Drama,Romance",8.3,1013794,8414490.200000001,"Will Hunting, um zelador duma Universidade, tem habilidades para a matemática, mas precisa da ajuda dum psicólogo para encontrar seu propósito.","https://m.media-amazon.com/images/M/MV5BYTc2MjE1YTItNWIyYy00YTA4LWE1MWMtODA0MDM1NTVlNjcyXkEyXkFqcGdeQVRoaXJkUGFydHlJbmdlc3Rpb25Xb3JrZmxvdw@@._V1_QL75_UX500_CR0,0,500,281_.jpg"
tt0107290,movie,Jurassic Park,Jurassic Park,1993,"Action,Adventure,Sci-Fi",8.2,1025283,8407320.6,Durante um tour o parque sofre falta de energia eléctrica o que faz que um dinossauro clonado saia do seu claustro.,"https://m.media-amazon.com/images/M/MV5BMjE2NzI2MTg2Ml5BMl5BanBnXkFtZTgwMzc2MzIyMzE@._V1_QL75_UX500_CR0,0,500,281_.jpg"
tt0264464,movie,Catch Me If You Can,Catch Me If You Can,2002,"Biography,Crime,Drama",8.1,1035587,8388254.699999999,"Um agente do FBI persegue Frank Abagnale, que antes de seus 19 anos consegue ganhar milhões de dólares fingindo ser um piloto, um médico e um advogado.","https://m.media-amazon.com/images/M/MV5BZWQxM2UxZTUtMzFlZS00YTVjLWFkNzctZjQzZjMwN2ZlNTllXkEyXkFqcGdeQXVyNzU1NzE3NTg@._V1_QL75_UX500_CR0,47,500,281_.jpg"
tt0167404,movie,The Sixth Sense,The Sixth Sense,1999,"Drama,Mystery,Thriller",8.2,1017953,8347214.6,Um menino que consegue se comunicar com espíritos encontra ajuda de um psicólogo.,"https://m.media-amazon.com/images/M/MV5BOGViM2JkYTItZGU2ZC00ZGFlLWJlNDEtNDg5MTMzODBmZjZhXkEyXkFqcGdeQXVyNzU1NzE3NTg@._V1_QL75_UX500_CR0,59,500,281_.jpg"
tt0477348,movie,No Country for Old Men,No Country for Old Men,2007,"Crime,Drama,Thriller",8.2,1012601,8303328.199999999,Violência e caos surgem quando um caçador se depara com uma negociação de drogas que deu errado e mais de dois milhões de dólares perto do Rio Grande.,"https://m.media-amazon.com/images/M/MV5BYzRhYmExOTUtYjJjNy00MjRlLTkzNzktZjkwNWJmMmE5NzMzXkEyXkFqcGdeQUlNRGJWaWRlb1RodW1ibmFpbFNlcnZpY2U@._V1_QL75_UX500_CR0,0,500,281_.jpg"
tt2267998,movie,Gone Girl,Gone Girl,2014,"Drama,Mystery,Thriller",8.1,1018956,8253543.6,"Desde que o desaparecimento de sua esposa se tornou o foco de um intenso circo da mídia, um homem vê como esta se concentra nele quando suspeitam que pode não ser inocente.","https://m.media-amazon.com/images/M/MV5BNDMwOTk3MDI1MV5BMl5BanBnXkFtZTgwNTYzOTM1MjE@._V1_QL75_UX500_CR0,47,500,281_.jpg"
tt0268978,movie,A Beautiful Mind,A Beautiful Mind,2001,"Biography,Drama",8.2,956839,7846079.799999999,A vida do brilhante mas insociável matemático John Nash muda quando ele aceita um trabalho secreto em criptografia.,"https://m.media-amazon.com/images/M/MV5BOTNkYzBiMTgtOTRkOS00ZTAyLTkyZjItMWY0YjE5MjJhYzRiXkEyXkFqcGdeQXRodW1ibmFpbC1pbml0aWFsaXplcg@@._V1_QL75_UX500_CR0,0,500,281_.jpg"
tt2582802,movie,Whiplash,Whiplash,2014,"Drama,Music",8.5,919250,7813625.0,Um jovem e promissor baterista se matricula em um conservatório de música onde seus sonhos são guiados por um instrutor que não pára por nada para perceber o potencial de um aluno.,"https://m.media-amazon.com/images/M/MV5BMjMxNzAzMjY0NF5BMl5BanBnXkFtZTgwOTE4NTgyMjE@._V1_QL75_UX500_CR0,46,500,281_.jpg"
tt0078748,movie,Alien,Alien,1979,"Horror,Sci-Fi",8.5,911564,7748294.0,"Depois que um navio mercante do espaço percebe uma transmissão desconhecida como uma chamada de socorro, encontra um dos tripulantes atacado por um misterioso modo de vida, e logo percebem q... Ler tudo","https://m.media-amazon.com/images/M/MV5BMTc4OTYzNjc2MV5BMl5BanBnXkFtZTgwNDA2MzIzMzE@._V1_QL75_UX500_CR0,0,500,281_.jpg"
tt0198781,movie,"Monsters, Inc.","Monsters, Inc.",2001,"Adventure,Animation,Comedy",8.1,941417,7625477.699999999,"Para poder dar electricidade a sua cidade, os monstros tem que assustar a crianças. Pensando que as crianças são perigosas para eles, dois monstros acham que as coisas podem ser diferentes.","https://m.media-amazon.com/images/M/MV5BODc5NTE4OTI3OF5BMl5BanBnXkFtZTgwNDQ4NjMyMzE@._V1_QL75_UY281_CR11,0,500,281_.jpg"
tt1675434,movie,The Intouchables,Intouchables,2011,"Biography,Comedy,Drama",8.5,889911,7564243.5,"Depois de ficar tetraplégico num acidente, um aristocrata contrata um jovem de um bairro pobre para cuidar dele.","https://m.media-amazon.com/images/M/MV5BNjk3MDQyMjk4NV5BMl5BanBnXkFtZTgwNTIxNjU0NzE@._V1_QL75_UX500_CR0,47,500,281_.jpg"
tt0095016,movie,Die Hard,Die Hard,1988,"Action,Thriller",8.2,907476,7441303.199999999,"John McClane, agente do departamento de polícia de Nova York, tenta salvar sua esposa, Holly Gennaro, e outras pessoas que o terrorista alemão Hans Gruber tomou como reféns durante a festa d... Ler tudo","https://m.media-amazon.com/images/M/MV5BZDViZDAzMjAtY2E1YS00OThkLWE2YTMtYzBmYWRjMWY0MDhkXkEyXkFqcGdeQXRzdGFzaWVr._V1_QL75_UY281_CR19,0,500,281_.jpg"
tt2488496,movie,Star Wars: Episode VII - The Force Awakens,Star Wars: Episode VII - The Force Awakens,2015,"Action,Adventure,Sci-Fi",7.8,952305,7427979.0,"Três décadas depois da derrota do Imperio, uma noiva ameaça crece no Primeiro Ordem. Finn e Rey estão atrapados na Resistencia que procura pelo Luke Skywalker.","https://m.media-amazon.com/images/M/MV5BMTkyNTcyNjM3MV5BMl5BanBnXkFtZTgwMzcwOTg5OTE@._V1_QL75_UX500_CR0,0,500,281_.jpg"
tt6751668,movie,Parasite,Gisaengchung,2019,"Drama,Thriller",8.5,872277,7414354.5,"Desempregados, a família de Ki-taek (Song Kang-ho) nutre um interesse peculiar pela família Park até que eles se veem presos em um inesperado incidente.","https://m.media-amazon.com/images/M/MV5BYWJjNWYzMzItYmEyNC00ODdmLWJmOGEtMWY0N2E2NGJlNTY0XkEyXkFqcGdeQWFybm8@._V1_QL75_UY281_CR86,0,500,281_.jpg"
tt0050083,movie,12 Angry Men,12 Angry Men,1957,"Crime,Drama",9.0,823222,7408998.0,"O julgamento de um assassinato em Nova Iorque é frustrado por um único membro, cujo ceticismo força o júri a considerar cuidadosamente as evidências antes de dar o veredito.","https://m.media-amazon.com/images/M/MV5BNGRlZjVhNWMtOTUxYi00MTYxLWEzOWUtMTM1NDc3ZWRjMDZjXkEyXkFqcGdeQWRpZWdtb25n._V1_QL75_UX500_CR0,0,500,281_.jpg"
tt0253474,movie,The Pianist,The Pianist,2002,"Biography,Drama,Music",8.5,866723,7367145.5,Um musico judeu luta para sobreviver a destruição de Varsóvia durante a segunda guerra mundial.,"https://m.media-amazon.com/images/M/MV5BMmQ4MWQzNDEtYmI4Zi00NmY0LWEwYTEtZTg4MmQ3MDM2YmJlXkEyXkFqcGdeQXVyNzU1NzE3NTg@._V1_QL75_UX500_CR0,47,500,281_.jpg"
tt1201607,movie,Harry Potter and the Deathly Hallows: Part 2,Harry Potter and the Deathly Hallows: Part 2,2011,"Adventure,Family,Fantasy",8.1,909486,7366836.6,"Harry, Ron e Hermione devem escapar a Voldemort e tentar trabalhar em conjunto para localizar e aniquilar os Horcruxes, que contêm pedaços da alma de Voldemort.","https://m.media-amazon.com/images/M/MV5BODcwODM5NTcxOV5BMl5BanBnXkFtZTgwNjA4MTMyMzE@._V1_QL75_UY281_CR81,0,500,281_.jpg"
tt0086250,movie,Scarface,Scarface,1983,"Crime,Drama",8.3,875796,7269106.800000001,"Em Miamo em 1980, um imigrante cubano toma o control dum cartel de drogas.","https://m.media-amazon.com/images/M/MV5BZmJlYTQ1YWEtNGRkOS00NmZmLTkyNDItN2JkMWUzMGZkYzVhXkEyXkFqcGdeQXVyNzU1NzE3NTg@._V1_QL75_UX500_CR0,47,500,281_.jpg"
tt0088247,movie,The Terminator,The Terminator,1984,"Action,Sci-Fi",8.1,893567,7237892.699999999,Um indestrutível robô é enviado de 2029 a 1984 para assassinar a uma jovem garçonete que vai ter um filho que vai liderar uma guerra contra máquinas maa um soldado humano também é enviado pa... Ler tudo,"https://m.media-amazon.com/images/M/MV5BMWQxZjRjMDUtYzYxZC00MWQ4LThiYTctNDkwN2QwMTkxYTk5XkEyXkFqcGdeQWFybm8@._V1_QL75_UY281_CR0,0,500,281_.jpg"
tt0208092,movie,Snatch,Snatch,2000,"Comedy,Crime",8.2,880318,7218607.6,Segue a luta de criminais tráis um diamante como nenhum outro nu mundo.,"https://m.media-amazon.com/images/M/MV5BOGU4YzdkNmQtMjJjMS00MDA4LTkwYWUtYjNiNDNhMDMzZDcwXkEyXkFqcGdeQXVyNzU1NzE3NTg@._V1_QL75_UX500_CR0,47,500,281_.jpg"
tt0180093,movie,Requiem for a Dream,Requiem for a Dream,2000,Drama,8.3,868341,7207230.300000001,As utopias causadas pelo uso de drogas em quatro pessoas de Coney Island se rompem quando seus vícios as dominam.,"https://m.media-amazon.com/images/M/MV5BNzFmMzRmMjQtOGNiZS00YjdjLThhNTUtM2M1YzI0NDQ1ZTcyXkEyXkFqcGdeQXVyNzU1NzE3NTg@._V1_QL75_UX500_CR0,47,500,281_.jpg"
tt0075314,movie,Taxi Driver,Taxi Driver,1976,"Crime,Drama",8.2,875185,7176516.999999999,"Um veterano de guerra com problemas mentais trabalha de noite como condutor de táxi na cidade de Nova Iorque, onde experimenta violência e perigo ao tentar ajudar um trabalhador e uma prosti... Ler tudo","https://m.media-amazon.com/images/M/MV5BMzJhZTNmOTQtN2E5Yy00OTc3LTg2ZjctNGQxNjRkMTZmZTRkXkEyXkFqcGdeQXRodW1ibmFpbC1pbml0aWFsaXplcg@@._V1_QL75_UX500_CR0,0,500,281_.jpg"
tt0435761,movie,Toy Story 3,Toy Story 3,2010,"Adventure,Animation,Comedy",8.3,863143,7164086.9,"Os brinquedos são dados por erro a uma creche, Woody junto com os outros brinquedos tentaram voltar a casa do Andy.","https://m.media-amazon.com/images/M/MV5BMTAyNDYwMjU3NTVeQTJeQWpwZ15BbWU4MDY5NDcwMjMx._V1_QL75_UX500_CR0,0,500,281_.jpg"
tt3659388,movie,The Martian,The Martian,2015,"Adventure,Drama,Sci-Fi",8.0,887086,7096688.0,"Um astronauta fica preso em Marte, enquanto sua equipe pensa que ele morreu. Ele vai fazer o possível para tentar enviar um sinal até a Terra.","https://m.media-amazon.com/images/M/MV5BMjIyOTA4MDQxNV5BMl5BanBnXkFtZTgwMTg1MDA2NjE@._V1_QL75_UX500_CR0,0,500,281_.jpg"
tt0066921,movie,A Clockwork Orange,A Clockwork Orange,1971,"Crime,Sci-Fi",8.3,854094,7088980.2,"No futuro, um jovem líder de gang é levado para prisão e decide ser voluntário em um experimento, mas os resultados não são os esperados.","https://m.media-amazon.com/images/M/MV5BMTI1OTgxOWQtYjFiMS00MDkxLWI4ZGItN2Q0ZWM3ZTNhZmIxXkEyXkFqcGdeQXVyNzU1NzE3NTg@._V1_QL75_UX500_CR0,47,500,281_.jpg"
tt0060196,movie,"The Good, the Bad and the Ugly","Il buono, il brutto, il cattivo",1966,"Adventure,Western",8.8,783703,6896586.4,Um impostor se junta com dois homens para encontrar fortuna num remoto cemitério.,"https://m.media-amazon.com/images/M/MV5BYjJmYTNmZDItNjExOS00MmY3LWEwMjgtNjQ3M2M2YjA1MDRkXkEyXkFqcGdeQTNwaW5nZXN0._V1_QL75_UX500_CR0,0,500,281_.jpg"
tt1010048,movie,Slumdog Millionaire,Slumdog Millionaire,2008,"Crime,Drama,Romance",8.0,861908,6895264.0,"Um adolescente de Mumbai reflete sobre sua vida depois de ser acusado de enganar a versão indiana de ""Quem quer ser um milionário?""","https://m.media-amazon.com/images/M/MV5BMTQ3MjQzNzU2MV5BMl5BanBnXkFtZTgwOTEzOTYzMzE@._V1_QL75_UY281_CR88,0,500,281_.jpg"
tt0245429,movie,Spirited Away,Sen to Chihiro no kamikakushi,2001,"Adventure,Animation,Family",8.6,800589,6885065.399999999,"Durante a mudança de casa, uma menina de dez anos se maravilha num mundo de dioses, bruxas e espíritus e onde os humanos são transformados em bestas.","https://m.media-amazon.com/images/M/MV5BMzZjOWEyNTEtNjhmMC00YmZlLTkyMzAtM2Y5MzFjYmJlODIzXkEyXkFqcGdeQXVyNzU1NzE3NTg@._V1_QL75_UX500_CR0,47,500,281_.jpg"
tt2278388,movie,The Grand Budapest Hotel,The Grand Budapest Hotel,2014,"Adventure,Comedy,Crime",8.1,849377,6879953.699999999,"As aventuras de Gustave H, um lendário porteiro dum famoso hotel da ficcional República de Zubrowka entre a primeira y a segunda guerra mundial.","https://m.media-amazon.com/images/M/MV5BMTgxODI4OTU3N15BMl5BanBnXkFtZTgwODgzNDMzMTE@._V1_QL75_UX500_CR0,47,500,281_.jpg"
tt1392170,movie,The Hunger Games,The Hunger Games,2012,"Action,Adventure,Sci-Fi",7.2,955319,6878296.8,"Katmiss Everden voluntariamente se ofreçe no lugar da sua irmã nos Jogos Vorazes, uma competição once jovens de cada um dos distritos de Panem são escolhidos aleatoriamente para brigar.","https://m.media-amazon.com/images/M/MV5BMTM0NjQ4OTgyNV5BMl5BanBnXkFtZTcwOTU2MzQ4Nw@@._V1_QL75_UX500_CR0,47,500,281_.jpg"
tt1843866,movie,Captain America: The Winter Soldier,Captain America: The Winter Soldier,2014,"Action,Adventure,Sci-Fi",7.8,873651,6814477.8,"Steve Roger se junta com a Viúva Negra para tentar deter uma nouva ameaça, um assasino conhecido como Soldado Invernal.","https://m.media-amazon.com/images/M/MV5BNDQ2OTA4NzIzOV5BMl5BanBnXkFtZTgwMTI5NTAxMTE@._V1_QL75_UX500_CR0,46,500,281_.jpg"
tt0118715,movie,The Big Lebowski,The Big Lebowski,1998,"Comedy,Crime",8.1,832988,6747202.8,"Jeff The Dude Lebowski, foi confundido por um millonário do mesmo nome e procurará restituçao com a ajuda do seus amigos.","https://m.media-amazon.com/images/M/MV5BZWE4NDhjMzItM2RhNC00Njk5LWEyZjQtMGY0MjEyYWQ1NGFlXkEyXkFqcGdeQXVyNzU1NzE3NTg@._V1_QL75_UX500_CR0,47,500,281_.jpg"
tt10872600,movie,Spider-Man: No Way Home,Spider-Man: No Way Home,2021,"Action,Adventure,Fantasy",8.2,817460,6703171.999999999,"Com a identidade do Homem-Aranha revelada, Peter pede ajuda ao Doutor Strange. Quando um feitiço corre mal, inimigos perigosos de outros mundos começam a aparecer, forçando Peter a descobrir... Ler tudo","https://m.media-amazon.com/images/M/MV5BYjU3Mjk2N2ItYjFiMS00MjE1LWFkZDUtZjVjNDc0MjI2N2M4XkEyXkFqcGdeQWRpZWdtb25n._V1_QL75_UX500_CR0,0,500,281_.jpg"
tt1663202,movie,The Revenant,The Revenant,2015,"Action,Adventure,Drama",8.0,835775,6686200.0,"Em uma expedição de comércio de peles em 1820, um homem luta para sobreviver depois de ser atacado por um urso e dado como morto por seu próprio grupo de caça.","https://m.media-amazon.com/images/M/MV5BMTc5MDgwMDYxMV5BMl5BanBnXkFtZTgwNDQ3MDczNzE@._V1_QL75_UX500_CR0,0,500,281_.jpg"
tt0317248,movie,City of God,Cidade de Deus,2002,"Crime,Drama",8.6,776538,6678226.8,"Os caminhos de duas crianças divergem nas favelas do Rio, enquanto um se esforça para se tornar um fotógrafo e o outro um chefe do tráfico.","https://m.media-amazon.com/images/M/MV5BNTQzY2M4ZTctZWRjZS00NzlmLWI4YzgtMDUzZGU5YjlmYzkxXkEyXkFqcGdeQXVyNzU1NzE3NTg@._V1_QL75_UX500_CR0,47,500,281_.jpg"
tt0903624,movie,The Hobbit: An Unexpected Journey,The Hobbit: An Unexpected Journey,2012,"Adventure,Fantasy",7.8,848542,6618627.6,"O relutante hobbit, Bilbo Baggins, va numa viagem com um team de anões para recuperar sua casa na montanha e o ouro dentro dela, do dragão Smaug.","https://m.media-amazon.com/images/M/MV5BNzQzNDczNTYwOV5BMl5BanBnXkFtZTcwMzA3ODk0OA@@._V1_QL75_UX500_CR0,47,500,281_.jpg"
tt0246578,movie,Donnie Darko,Donnie Darko,2001,"Drama,Mystery,Sci-Fi",8.0,824922,6599376.0,Un adolescente é atormentado com visões dum homem num terno de coelho quem o manipula a fazer crimes.,"https://m.media-amazon.com/images/M/MV5BODhiOWQ2NTItOTMxMy00NTNlLWFhOWYtMjFiNzdjYjg4NjY2XkEyXkFqcGdeQXVyNzU1NzE3NTg@._V1_QL75_UX500_CR0,47,500,281_.jpg"
